{"cameraMode":{"drawMode":0,"name":"Shaded","section":"Shading Mode"},"sceneLighting":true,"audioPlay":false,"sceneViewState":{"showFog":true,"showMaterialUpdate":false,"showSkybox":true,"showFlares":true,"showImageEffects":true,"showParticleSystems":true},"in2DMode":false,"pivot":{"x":0.034217510372400287,"y":1.2206534147262574,"z":2.5524308681488039},"rotation":{"x":-2.6038268763350916e-10,"y":0.9994555711746216,"z":-5.3437756442065169e-9,"w":-0.03299403190612793},"size":0.7100424766540527,"orthographic":true}